feature,category
op_setting_1,operational_setting
op_setting_2,operational_setting
op_setting_3,operational_setting
sensor_1,raw_sensor
sensor_2,raw_sensor
sensor_3,raw_sensor
sensor_4,raw_sensor
sensor_5,raw_sensor
sensor_6,raw_sensor
sensor_7,raw_sensor
sensor_8,raw_sensor
sensor_9,raw_sensor
sensor_10,raw_sensor
sensor_11,raw_sensor
sensor_12,raw_sensor
sensor_13,raw_sensor
sensor_14,raw_sensor
sensor_15,raw_sensor
sensor_16,raw_sensor
sensor_17,raw_sensor
sensor_18,raw_sensor
sensor_19,raw_sensor
sensor_20,raw_sensor
sensor_21,raw_sensor
cycle_log1p,cycle_observable
cycle_sqrt,cycle_observable
sensor_1_lag1,lag
sensor_1_delta1,delta
sensor_1_pct_change1,percentage_change
sensor_2_lag1,lag
sensor_2_delta1,delta
sensor_2_pct_change1,percentage_change
sensor_3_lag1,lag
sensor_3_delta1,delta
sensor_3_pct_change1,percentage_change
sensor_4_lag1,lag
sensor_4_delta1,delta
sensor_4_pct_change1,percentage_change
sensor_5_lag1,lag
sensor_5_delta1,delta
sensor_5_pct_change1,percentage_change
sensor_6_lag1,lag
sensor_6_delta1,delta
sensor_6_pct_change1,percentage_change
sensor_7_lag1,lag
sensor_7_delta1,delta
sensor_7_pct_change1,percentage_change
sensor_8_lag1,lag
sensor_8_delta1,delta
sensor_8_pct_change1,percentage_change
sensor_9_lag1,lag
sensor_9_delta1,delta
sensor_9_pct_change1,percentage_change
sensor_10_lag1,lag
sensor_10_delta1,delta
sensor_10_pct_change1,percentage_change
sensor_11_lag1,lag
sensor_11_delta1,delta
sensor_11_pct_change1,percentage_change
sensor_12_lag1,lag
sensor_12_delta1,delta
sensor_12_pct_change1,percentage_change
sensor_13_lag1,lag
sensor_13_delta1,delta
sensor_13_pct_change1,percentage_change
sensor_14_lag1,lag
sensor_14_delta1,delta
sensor_14_pct_change1,percentage_change
sensor_15_lag1,lag
sensor_15_delta1,delta
sensor_15_pct_change1,percentage_change
sensor_16_lag1,lag
sensor_16_delta1,delta
sensor_16_pct_change1,percentage_change
sensor_17_lag1,lag
sensor_17_delta1,delta
sensor_17_pct_change1,percentage_change
sensor_18_lag1,lag
sensor_18_delta1,delta
sensor_18_pct_change1,percentage_change
sensor_19_lag1,lag
sensor_19_delta1,delta
sensor_19_pct_change1,percentage_change
sensor_20_lag1,lag
sensor_20_delta1,delta
sensor_20_pct_change1,percentage_change
sensor_21_lag1,lag
sensor_21_delta1,delta
sensor_21_pct_change1,percentage_change
sensor_1_roll5_mean,rolling_mean
sensor_1_roll5_std,rolling_std
sensor_1_roll5_min,rolling_min
sensor_1_roll5_max,rolling_max
sensor_1_roll5_range,rolling_range
sensor_2_roll5_mean,rolling_mean
sensor_2_roll5_std,rolling_std
sensor_2_roll5_min,rolling_min
sensor_2_roll5_max,rolling_max
sensor_2_roll5_range,rolling_range
sensor_3_roll5_mean,rolling_mean
sensor_3_roll5_std,rolling_std
sensor_3_roll5_min,rolling_min
sensor_3_roll5_max,rolling_max
sensor_3_roll5_range,rolling_range
sensor_4_roll5_mean,rolling_mean
sensor_4_roll5_std,rolling_std
sensor_4_roll5_min,rolling_min
sensor_4_roll5_max,rolling_max
sensor_4_roll5_range,rolling_range
sensor_5_roll5_mean,rolling_mean
sensor_5_roll5_std,rolling_std
sensor_5_roll5_min,rolling_min
sensor_5_roll5_max,rolling_max
sensor_5_roll5_range,rolling_range
sensor_6_roll5_mean,rolling_mean
sensor_6_roll5_std,rolling_std
sensor_6_roll5_min,rolling_min
sensor_6_roll5_max,rolling_max
sensor_6_roll5_range,rolling_range
sensor_7_roll5_mean,rolling_mean
sensor_7_roll5_std,rolling_std
sensor_7_roll5_min,rolling_min
sensor_7_roll5_max,rolling_max
sensor_7_roll5_range,rolling_range
sensor_8_roll5_mean,rolling_mean
sensor_8_roll5_std,rolling_std
sensor_8_roll5_min,rolling_min
sensor_8_roll5_max,rolling_max
sensor_8_roll5_range,rolling_range
sensor_9_roll5_mean,rolling_mean
sensor_9_roll5_std,rolling_std
sensor_9_roll5_min,rolling_min
sensor_9_roll5_max,rolling_max
sensor_9_roll5_range,rolling_range
sensor_10_roll5_mean,rolling_mean
sensor_10_roll5_std,rolling_std
sensor_10_roll5_min,rolling_min
sensor_10_roll5_max,rolling_max
sensor_10_roll5_range,rolling_range
sensor_11_roll5_mean,rolling_mean
sensor_11_roll5_std,rolling_std
sensor_11_roll5_min,rolling_min
sensor_11_roll5_max,rolling_max
sensor_11_roll5_range,rolling_range
sensor_12_roll5_mean,rolling_mean
sensor_12_roll5_std,rolling_std
sensor_12_roll5_min,rolling_min
sensor_12_roll5_max,rolling_max
sensor_12_roll5_range,rolling_range
sensor_13_roll5_mean,rolling_mean
sensor_13_roll5_std,rolling_std
sensor_13_roll5_min,rolling_min
sensor_13_roll5_max,rolling_max
sensor_13_roll5_range,rolling_range
sensor_14_roll5_mean,rolling_mean
sensor_14_roll5_std,rolling_std
sensor_14_roll5_min,rolling_min
sensor_14_roll5_max,rolling_max
sensor_14_roll5_range,rolling_range
sensor_15_roll5_mean,rolling_mean
sensor_15_roll5_std,rolling_std
sensor_15_roll5_min,rolling_min
sensor_15_roll5_max,rolling_max
sensor_15_roll5_range,rolling_range
sensor_16_roll5_mean,rolling_mean
sensor_16_roll5_std,rolling_std
sensor_16_roll5_min,rolling_min
sensor_16_roll5_max,rolling_max
sensor_16_roll5_range,rolling_range
sensor_17_roll5_mean,rolling_mean
sensor_17_roll5_std,rolling_std
sensor_17_roll5_min,rolling_min
sensor_17_roll5_max,rolling_max
sensor_17_roll5_range,rolling_range
sensor_18_roll5_mean,rolling_mean
sensor_18_roll5_std,rolling_std
sensor_18_roll5_min,rolling_min
sensor_18_roll5_max,rolling_max
sensor_18_roll5_range,rolling_range
sensor_19_roll5_mean,rolling_mean
sensor_19_roll5_std,rolling_std
sensor_19_roll5_min,rolling_min
sensor_19_roll5_max,rolling_max
sensor_19_roll5_range,rolling_range
sensor_20_roll5_mean,rolling_mean
sensor_20_roll5_std,rolling_std
sensor_20_roll5_min,rolling_min
sensor_20_roll5_max,rolling_max
sensor_20_roll5_range,rolling_range
sensor_21_roll5_mean,rolling_mean
sensor_21_roll5_std,rolling_std
sensor_21_roll5_min,rolling_min
sensor_21_roll5_max,rolling_max
sensor_21_roll5_range,rolling_range
sensor_1_roll10_mean,rolling_mean
sensor_1_roll10_std,rolling_std
sensor_1_roll10_min,rolling_min
sensor_1_roll10_max,rolling_max
sensor_1_roll10_range,rolling_range
sensor_2_roll10_mean,rolling_mean
sensor_2_roll10_std,rolling_std
sensor_2_roll10_min,rolling_min
sensor_2_roll10_max,rolling_max
sensor_2_roll10_range,rolling_range
sensor_3_roll10_mean,rolling_mean
sensor_3_roll10_std,rolling_std
sensor_3_roll10_min,rolling_min
sensor_3_roll10_max,rolling_max
sensor_3_roll10_range,rolling_range
sensor_4_roll10_mean,rolling_mean
sensor_4_roll10_std,rolling_std
sensor_4_roll10_min,rolling_min
sensor_4_roll10_max,rolling_max
sensor_4_roll10_range,rolling_range
sensor_5_roll10_mean,rolling_mean
sensor_5_roll10_std,rolling_std
sensor_5_roll10_min,rolling_min
sensor_5_roll10_max,rolling_max
sensor_5_roll10_range,rolling_range
sensor_6_roll10_mean,rolling_mean
sensor_6_roll10_std,rolling_std
sensor_6_roll10_min,rolling_min
sensor_6_roll10_max,rolling_max
sensor_6_roll10_range,rolling_range
sensor_7_roll10_mean,rolling_mean
sensor_7_roll10_std,rolling_std
sensor_7_roll10_min,rolling_min
sensor_7_roll10_max,rolling_max
sensor_7_roll10_range,rolling_range
sensor_8_roll10_mean,rolling_mean
sensor_8_roll10_std,rolling_std
sensor_8_roll10_min,rolling_min
sensor_8_roll10_max,rolling_max
sensor_8_roll10_range,rolling_range
sensor_9_roll10_mean,rolling_mean
sensor_9_roll10_std,rolling_std
sensor_9_roll10_min,rolling_min
sensor_9_roll10_max,rolling_max
sensor_9_roll10_range,rolling_range
sensor_10_roll10_mean,rolling_mean
sensor_10_roll10_std,rolling_std
sensor_10_roll10_min,rolling_min
sensor_10_roll10_max,rolling_max
sensor_10_roll10_range,rolling_range
sensor_11_roll10_mean,rolling_mean
sensor_11_roll10_std,rolling_std
sensor_11_roll10_min,rolling_min
sensor_11_roll10_max,rolling_max
sensor_11_roll10_range,rolling_range
sensor_12_roll10_mean,rolling_mean
sensor_12_roll10_std,rolling_std
sensor_12_roll10_min,rolling_min
sensor_12_roll10_max,rolling_max
sensor_12_roll10_range,rolling_range
sensor_13_roll10_mean,rolling_mean
sensor_13_roll10_std,rolling_std
sensor_13_roll10_min,rolling_min
sensor_13_roll10_max,rolling_max
sensor_13_roll10_range,rolling_range
sensor_14_roll10_mean,rolling_mean
sensor_14_roll10_std,rolling_std
sensor_14_roll10_min,rolling_min
sensor_14_roll10_max,rolling_max
sensor_14_roll10_range,rolling_range
sensor_15_roll10_mean,rolling_mean
sensor_15_roll10_std,rolling_std
sensor_15_roll10_min,rolling_min
sensor_15_roll10_max,rolling_max
sensor_15_roll10_range,rolling_range
sensor_16_roll10_mean,rolling_mean
sensor_16_roll10_std,rolling_std
sensor_16_roll10_min,rolling_min
sensor_16_roll10_max,rolling_max
sensor_16_roll10_range,rolling_range
sensor_17_roll10_mean,rolling_mean
sensor_17_roll10_std,rolling_std
sensor_17_roll10_min,rolling_min
sensor_17_roll10_max,rolling_max
sensor_17_roll10_range,rolling_range
sensor_18_roll10_mean,rolling_mean
sensor_18_roll10_std,rolling_std
sensor_18_roll10_min,rolling_min
sensor_18_roll10_max,rolling_max
sensor_18_roll10_range,rolling_range
sensor_19_roll10_mean,rolling_mean
sensor_19_roll10_std,rolling_std
sensor_19_roll10_min,rolling_min
sensor_19_roll10_max,rolling_max
sensor_19_roll10_range,rolling_range
sensor_20_roll10_mean,rolling_mean
sensor_20_roll10_std,rolling_std
sensor_20_roll10_min,rolling_min
sensor_20_roll10_max,rolling_max
sensor_20_roll10_range,rolling_range
sensor_21_roll10_mean,rolling_mean
sensor_21_roll10_std,rolling_std
sensor_21_roll10_min,rolling_min
sensor_21_roll10_max,rolling_max
sensor_21_roll10_range,rolling_range
sensor_1_roll20_mean,rolling_mean
sensor_1_roll20_std,rolling_std
sensor_1_roll20_min,rolling_min
sensor_1_roll20_max,rolling_max
sensor_1_roll20_range,rolling_range
sensor_2_roll20_mean,rolling_mean
sensor_2_roll20_std,rolling_std
sensor_2_roll20_min,rolling_min
sensor_2_roll20_max,rolling_max
sensor_2_roll20_range,rolling_range
sensor_3_roll20_mean,rolling_mean
sensor_3_roll20_std,rolling_std
sensor_3_roll20_min,rolling_min
sensor_3_roll20_max,rolling_max
sensor_3_roll20_range,rolling_range
sensor_4_roll20_mean,rolling_mean
sensor_4_roll20_std,rolling_std
sensor_4_roll20_min,rolling_min
sensor_4_roll20_max,rolling_max
sensor_4_roll20_range,rolling_range
sensor_5_roll20_mean,rolling_mean
sensor_5_roll20_std,rolling_std
sensor_5_roll20_min,rolling_min
sensor_5_roll20_max,rolling_max
sensor_5_roll20_range,rolling_range
sensor_6_roll20_mean,rolling_mean
sensor_6_roll20_std,rolling_std
sensor_6_roll20_min,rolling_min
sensor_6_roll20_max,rolling_max
sensor_6_roll20_range,rolling_range
sensor_7_roll20_mean,rolling_mean
sensor_7_roll20_std,rolling_std
sensor_7_roll20_min,rolling_min
sensor_7_roll20_max,rolling_max
sensor_7_roll20_range,rolling_range
sensor_8_roll20_mean,rolling_mean
sensor_8_roll20_std,rolling_std
sensor_8_roll20_min,rolling_min
sensor_8_roll20_max,rolling_max
sensor_8_roll20_range,rolling_range
sensor_9_roll20_mean,rolling_mean
sensor_9_roll20_std,rolling_std
sensor_9_roll20_min,rolling_min
sensor_9_roll20_max,rolling_max
sensor_9_roll20_range,rolling_range
sensor_10_roll20_mean,rolling_mean
sensor_10_roll20_std,rolling_std
sensor_10_roll20_min,rolling_min
sensor_10_roll20_max,rolling_max
sensor_10_roll20_range,rolling_range
sensor_11_roll20_mean,rolling_mean
sensor_11_roll20_std,rolling_std
sensor_11_roll20_min,rolling_min
sensor_11_roll20_max,rolling_max
sensor_11_roll20_range,rolling_range
sensor_12_roll20_mean,rolling_mean
sensor_12_roll20_std,rolling_std
sensor_12_roll20_min,rolling_min
sensor_12_roll20_max,rolling_max
sensor_12_roll20_range,rolling_range
sensor_13_roll20_mean,rolling_mean
sensor_13_roll20_std,rolling_std
sensor_13_roll20_min,rolling_min
sensor_13_roll20_max,rolling_max
sensor_13_roll20_range,rolling_range
sensor_14_roll20_mean,rolling_mean
sensor_14_roll20_std,rolling_std
sensor_14_roll20_min,rolling_min
sensor_14_roll20_max,rolling_max
sensor_14_roll20_range,rolling_range
sensor_15_roll20_mean,rolling_mean
sensor_15_roll20_std,rolling_std
sensor_15_roll20_min,rolling_min
sensor_15_roll20_max,rolling_max
sensor_15_roll20_range,rolling_range
sensor_16_roll20_mean,rolling_mean
sensor_16_roll20_std,rolling_std
sensor_16_roll20_min,rolling_min
sensor_16_roll20_max,rolling_max
sensor_16_roll20_range,rolling_range
sensor_17_roll20_mean,rolling_mean
sensor_17_roll20_std,rolling_std
sensor_17_roll20_min,rolling_min
sensor_17_roll20_max,rolling_max
sensor_17_roll20_range,rolling_range
sensor_18_roll20_mean,rolling_mean
sensor_18_roll20_std,rolling_std
sensor_18_roll20_min,rolling_min
sensor_18_roll20_max,rolling_max
sensor_18_roll20_range,rolling_range
sensor_19_roll20_mean,rolling_mean
sensor_19_roll20_std,rolling_std
sensor_19_roll20_min,rolling_min
sensor_19_roll20_max,rolling_max
sensor_19_roll20_range,rolling_range
sensor_20_roll20_mean,rolling_mean
sensor_20_roll20_std,rolling_std
sensor_20_roll20_min,rolling_min
sensor_20_roll20_max,rolling_max
sensor_20_roll20_range,rolling_range
sensor_21_roll20_mean,rolling_mean
sensor_21_roll20_std,rolling_std
sensor_21_roll20_min,rolling_min
sensor_21_roll20_max,rolling_max
sensor_21_roll20_range,rolling_range
